Nombre,Edad,Programa de Estudio,Fecha de Reserva,Hora de Reserva
Ana,18,Técnico en Programación,2024-10-01,10:00
Juan,19,Técnico en Programación,2024-10-01,10:00
Pedro,18,Técnico en Programación,2024-10-01,10:00
Sofía,20,Técnico en Programación,2024-10-01,10:00
Carlos,21,Técnico en Programación,2024-10-01,10:00
María,19,Técnico en Programación,2024-10-01,10:00
Luis,22,Técnico en Programación,2024-10-01,10:00
Julia,23,Técnico en Programación,2024-10-01,10:00
Miguel,24,Técnico en Programación,2024-10-01,10:00
Carmen,18,Técnico en Programación,2024-10-01,10:00
Jorge,22,Técnico en Programación,2024-10-01,10:00
Paula,19,Técnico en Programación,2024-10-01,10:00
Ricardo,20,Técnico en Programación,2024-10-01,10:00
Elena,23,Técnico en Programación,2024-10-01,10:00
Roberto,24,Técnico en Programación,2024-10-01,10:00
Teresa,22,Técnico en Programación,2024-10-01,10:00
Francisco,21,Técnico en Programación,2024-10-01,10:00
Lucía,18,Técnico en Programación,2024-10-01,10:00
Andrés,19,Técnico en Programación,2024-10-01,10:00
Marta,20,Técnico en Programación,2024-10-01,10:00
Felipe,21,Técnico en Programación,2024-10-01,10:00
Clara,23,Técnico en Programación,2024-10-01,10:00
David,24,Técnico en Programación,2024-10-01,10:00
Sandra,22,Técnico en Programación,2024-10-01,10:00
Alberto,19,Técnico en Programación,2024-10-01,10:00
Sara,23,Técnico en Programación,2024-10-01,10:00
Vicente,21,Técnico en Programación,2024-10-01,10:00
Isabel,19,Técnico en Programación,2024-10-01,10:00
Óscar,20,Técnico en Programación,2024-10-01,10:00
Natalia,24,Técnico en Programación,2024-10-01,10:00
Emilio,18,Técnico en Programación,2024-10-01,10:00
Patricia,21,Técnico en Programación,2024-10-01,10:00
Daniel,20,Técnico en Programación,2024-10-01,10:00
Gabriela,22,Técnico en Programación,2024-10-01,10:00
Fernando,23,Técnico en Programación,2024-10-01,10:00
Laura,24,Técnico en Programación,2024-10-01,10:00
Ramón,20,Técnico en Programación,2024-10-01,10:00
Lorena,23,Técnico en Programación,2024-10-01,10:00
Pablo,21,Técnico en Programación,2024-10-01,10:00
Verónica,19,Técnico en Programación,2024-10-01,10:00
Raúl,18,Técnico en Programación,2024-10-01,10:00
Rosa,22,Técnico en Programación,2024-10-01,10:00
Manuel,23,Técnico en Programación,2024-10-01,10:00
Beatriz,21,Técnico en Programación,2024-10-01,10:00
Joaquín,19,Técnico en Programación,2024-10-01,10:00
Alejandra,24,Técnico en Programación,2024-10-01,10:00
Diego,22,Técnico en Programación,2024-10-01,10:00
Adriana,20,Técnico en Programación,2024-10-01,10:00
Tomás,23,Técnico en Programación,2024-10-01,10:00
Olga,19,Técnico en Programación,2024-10-01,10:00
Mario,21,Técnico en Programación,2024-10-01,10:00
Victoria,24,Técnico en Programación,2024-10-01,10:00
Ángel,18,Técnico en Programación,2024-10-01,10:00
Silvia,23,Técnico en Programación,2024-10-01,10:00
Guillermo,22,Técnico en Programación,2024-10-01,10:00
Carolina,21,Técnico en Programación,2024-10-01,10:00
Héctor,19,Técnico en Programación,2024-10-01,10:00
Mónica,20,Técnico en Programación,2024-10-01,10:00
Sergio,22,Técnico en Programación,2024-10-01,10:00
Rocío,20,Técnico en Programación,2024-10-01,10:00
